"allowAudit","clientCode","created","createdBy","createdByOrg","id","modified","modifiedBy","modifiedByOrg","state"
true,"BRP","2024-06-28T15:03:39.455","1","1","ed8b0874-e0c1-49a8-8be7-8727901a4a56","2024-06-28T15:03:39.455","1","1","HARYANA"
true,"HLI","2024-06-28T15:03:39.458","1","1","53408216-c470-47cb-b88f-4a9bd4e38108","2024-06-28T15:03:39.458","1","1","DELHI"
true,"YUS","2024-06-28T15:03:39.459","1","1","2bba77e5-8556-4737-aa72-3eb42e0a89e5","2024-06-28T15:03:39.459","1","1","MAHARASHTRA"
true,"YUG","2024-06-28T15:03:39.46","1","1","537ec5c0-3b43-4363-85ff-1c28f7e8650a","2024-06-28T15:03:39.46","1","1","MAHARASHTRA"
true,"YUB","2024-06-28T15:03:39.461","1","1","db636e35-44a5-4aae-b5ef-7b2e4f77882d","2024-06-28T15:03:39.461","1","1","MAHARASHTRA"
true,"ZSP","2024-06-28T15:03:39.462","1","1","76289f49-0e4b-44c5-8167-3effd5580033","2024-06-28T15:03:39.462","1","1","UTTAR PRADESH"
true,"PDD","2024-06-28T15:03:39.463","1","1","0f923ebf-24dc-4628-b4bf-fa02dfe02e2b","2024-06-28T15:03:39.463","1","1","HARYANA"
true,"HOK","2024-06-28T15:03:39.463","1","1","d21fd84d-9ec6-45a4-91f0-2546d5f0fd91","2024-06-28T15:03:39.463","1","1","MAHARASHTRA"
true,"MNP","2024-06-28T15:03:39.464","1","1","9836934d-169f-40d2-b834-1b07f3b8dd6a","2024-06-28T15:03:39.464","1","1","GOA"
true,"IBH","2024-06-28T15:03:39.465","1","1","b86e84a9-7ef8-4e4c-b244-c420859f729d","2024-06-28T15:03:39.465","1","1","DELHI"
true,"GRL","2024-06-28T15:03:39.465","1","1","92fd6d09-7df7-4a0b-a807-957921162c3b","2024-06-28T15:03:39.465","1","1","DELHI"
true,"PRH","2024-06-28T15:03:39.466","1","1","36bf1e4b-0825-4787-a0e9-311b489c3a4a","2024-06-28T15:03:39.466","1","1","HARYANA"
true,"OIL","2024-06-28T15:03:39.467","1","1","d8d931d6-1495-42ee-8f2d-64dacafe0341","2024-06-28T15:03:39.467","1","1","MAHARASHTRA"
true,"TRL","2024-06-28T15:03:39.468","1","1","bfabd5f4-3dc5-4ed7-8cb8-3b59c9daabfd","2024-06-28T15:03:39.468","1","1","DELHI"
true,"ZIP","2024-06-28T15:03:39.469","1","1","4e950f8c-c5c8-4de7-9f08-8afea2e3f5bb","2024-06-28T15:03:39.469","1","1","HARYANA"
true,"IBN","2024-06-28T15:03:39.47","1","1","dc2b85c2-31d6-4aa0-8e84-bc73916a638b","2024-06-28T15:03:39.47","1","1","DELHI"
true,"NEL","2024-06-28T15:03:39.47","1","1","2d564244-e143-496b-893e-bf6b8ea3b06e","2024-06-28T15:03:39.47","1","1","GUJARAT"
true,"JHB","2024-06-28T15:03:39.471","1","1","182aea43-3629-420a-be71-42b18a432456","2024-06-28T15:03:39.471","1","1","PUNJAB"
true,"GIL","2024-06-28T15:03:39.472","1","1","b740feb7-c651-467c-b710-e5458e102f27","2024-06-28T15:03:39.472","1","1","HARYANA"
true,"ZOP","2024-06-28T15:03:39.473","1","1","46a88096-0e72-4ce9-91fc-6f69e1b20c2c","2024-06-28T15:03:39.473","1","1","PUNJAB"
true,"MPG","2024-06-28T15:03:39.473","1","1","156c55c7-5702-4809-bbf7-cebab576e3ab","2024-06-28T15:03:39.473","1","1","MAHARASHTRA"
true,"CHB","2024-06-28T15:03:39.474","1","1","74e30d28-4e2c-4a6f-a8f8-4f534d244dbc","2024-06-28T15:03:39.474","1","1","KARNATAKA"
true,"QWP","2024-06-28T15:03:39.475","1","1","71227bfe-41e4-4565-ba52-3624f79f5603","2024-06-28T15:03:39.475","1","1","ASSAM"
true,"DPX","2024-06-28T15:03:39.476","1","1","7f9fdfaf-337f-4e72-ba96-ddcc3b100e4d","2024-06-28T15:03:39.476","1","1","PUNJAB"
true,"TRS","2024-06-28T15:03:39.477","1","1","d541b6db-0004-4db8-bf82-042e5a865f5a","2024-06-28T15:03:39.477","1","1","DELHI"
true,"TQS","2024-06-28T15:03:39.478","1","1","c8344990-29ab-40ad-8003-3246523ed532","2024-06-28T15:03:39.478","1","1","DELHI"
true,"ACE","2024-06-28T15:03:39.478","1","1","cbf0288d-4b10-4aa7-a3ce-a27598fd0ef7","2024-06-28T15:03:39.478","1","1","KARNATAKA"
true,"CLQ","2024-06-28T15:03:39.479","1","1","0ba1ad3f-d2d9-4173-bbd7-55d909987b04","2024-06-28T15:03:39.479","1","1","MAHARASHTRA"
true,"DEL","2024-06-28T15:03:39.48","1","1","c40fecd4-a91a-4cfd-a015-4ab1309ac8d1","2024-06-28T15:03:39.48","1","1","MAHARASHTRA"
true,"DOC","2024-06-28T15:03:39.481","1","1","22dd8c67-ca4e-489b-8952-8d3963bf2cf3","2024-06-28T15:03:39.481","1","1","KARNATAKA"
true,"FIX","2024-06-28T15:03:39.482","1","1","c3c1df28-3c46-4696-9dce-47c64cec7978","2024-06-28T15:03:39.482","1","1","UTTAR PRADESH"
true,"FKH","2024-06-28T15:03:39.482","1","1","7e13f341-430b-4ac1-b8e3-0e30eef80890","2024-06-28T15:03:39.482","1","1","WEST BENGAL"
true,"GMC","2024-06-28T15:03:39.483","1","1","3a0b3cbd-118e-48fa-8005-03bcd5905d06","2024-06-28T15:03:39.483","1","1","HARYANA"
true,"HOP","2024-06-28T15:03:39.484","1","1","85fa579b-1765-498d-a0c9-e55f6b59d47d","2024-06-28T15:03:39.484","1","1","MAHARASHTRA"
true,"LIM","2024-06-28T15:03:39.485","1","1","38549c32-1b20-4a91-abbe-7194b6ddffa6","2024-06-28T15:03:39.485","1","1","HARYANA"
true,"LOI","2024-06-28T15:03:39.485","1","1","9f58947e-a373-44e5-bfaf-6f1ea6306adb","2024-06-28T15:03:39.485","1","1","KARNATAKA"
true,"NAP","2024-06-28T15:03:39.486","1","1","62e632e0-895d-46bd-9fa0-539d2c961a07","2024-06-28T15:03:39.486","1","1","MAHARASHTRA"
true,"NMB","2024-06-28T15:03:39.487","1","1","ca4f819c-2213-483f-8a7a-c599f35f51e9","2024-06-28T15:03:39.487","1","1","HARYANA"
true,"NBB","2024-06-28T15:03:39.489","1","1","2279edfc-705e-4b94-8bee-94b2e615c344","2024-06-28T15:03:39.489","1","1","HARYANA"
true,"OIP","2024-06-28T15:03:39.49","1","1","beaecb04-be30-4549-91ad-f4279c140fab","2024-06-28T15:03:39.49","1","1","MAHARASHTRA"
true,"PFY","2024-06-28T15:03:39.491","1","1","9be07c8e-5dd2-485d-8824-2d94ea9841c8","2024-06-28T15:03:39.491","1","1","HARYANA, MAHARASHTRA"
true,"PKR","2024-06-28T15:03:39.491","1","1","43ec5707-a0c7-4cda-a455-e90c3c2d078c","2024-06-28T15:03:39.491","1","1","HARYANA"
true,"PLN","2024-06-28T15:03:39.492","1","1","ce95e250-4777-45f3-a1a1-8819317f5b13","2024-06-28T15:03:39.492","1","1","KARNATAKA, TELANGANA, MAHARASHTRA"
true,"PTM","2024-06-28T15:03:39.493","1","1","40da2f7a-b32d-44d0-8a85-3303f9b1a3b5","2024-06-28T15:03:39.493","1","1","UTTAR PRADESH"
true,"RLM","2024-06-28T15:03:39.494","1","1","e3e3ed65-651d-4687-974c-422901250564","2024-06-28T15:03:39.494","1","1","HARYANA, MAHARASHTRA, TELANGANA, WEST BENGAL"
true,"SAN","2024-06-28T15:03:39.495","1","1","416f73c9-a8cb-4762-82e5-f9e076a000fa","2024-06-28T15:03:39.495","1","1","DELHI"
true,"SCL","2024-06-28T15:03:39.495","1","1","99769727-7d2f-4abf-8fa0-c0468555a367","2024-06-28T15:03:39.495","1","1","HARYANA"
true,"SGB","2024-06-28T15:03:39.496","1","1","87f15fb7-bd8b-4ef8-8c03-93fcdf4923d3","2024-06-28T15:03:39.496","1","1","HARYANA"
true,"SGF","2024-06-28T15:03:39.497","1","1","94b3a884-d472-41ef-8022-fc8d9f5cdb51","2024-06-28T15:03:39.497","1","1","HARYANA"
true,"SMP","2024-06-28T15:03:39.498","1","1","f63e2308-323c-4982-95a5-3ba59fe40e16","2024-06-28T15:03:39.498","1","1","HARYANA"
true,"UCP","2024-06-28T15:03:39.499","1","1","2b6e5bdb-a246-448e-8d57-4ab446dc9551","2024-06-28T15:03:39.499","1","1","HARYANA, KARNATAKA, MAHARASHTRA, WEST BENGAL"
true,"VMS","2024-06-28T15:03:39.499","1","1","19bbc85b-a408-4938-bea9-05960e0315ba","2024-06-28T15:03:39.499","1","1","MAHARASHTRA"
true,"WSP","2024-06-28T15:03:39.5","1","1","30e53a75-dfca-48e5-93fc-fde923c22f69","2024-06-28T15:03:39.5","1","1","HARYANA"
true,"PCM","2024-06-28T15:03:39.501","1","1","bdd25ce1-cc24-4e6a-b7f7-7002b1850ba6","2024-06-28T15:03:39.501","1","1","HARYANA"
true,"BDM","2024-06-28T15:03:39.502","1","1","d307a46f-83f4-49fd-a290-a41e13b876cb","2024-06-28T15:03:39.502","1","1","HARYANA"
true,"WIQ","2024-06-28T15:03:39.503","1","1","cc6578e1-57d9-4907-882e-6cc6d5df4f07","2024-06-28T15:03:39.503","1","1","KARNATAKA"
true,"XMI","2024-06-28T15:03:39.504","1","1","0c5839cd-6cae-4350-9a2f-a797b47c6444","2024-06-28T15:03:39.504","1","1","KARNATAKA, MAHARASHTRA"
true,"SHE","2024-06-28T15:03:39.504","1","1","8cd663e5-1def-4b33-84a5-d91da7889929","2024-06-28T15:03:39.504","1","1","HARYANA"
true,"GSL","2024-06-28T15:03:39.505","1","1","f29c0ec5-014d-4e6d-ade7-18b1098cb344","2024-06-28T15:03:39.505","1","1","KARNATAKA"
true,"NUA","2024-06-28T15:03:39.506","1","1","08dd045a-5d26-484c-acf2-beb59c35086b","2024-06-28T15:03:39.506","1","1","MAHARASHTRA, TAMIL NADU, KARNATAKA, DELHI, TELANGANA"
true,"PST","2024-06-28T15:03:39.507","1","1","b830f371-f364-49b4-b8ec-3979be7e709b","2024-06-28T15:03:39.507","1","1","MAHARASHTRA"
true,"ANS","2024-06-28T15:03:39.507","1","1","6e6ed9a2-3c99-435e-b3f0-f64c7cbec671","2024-06-28T15:03:39.507","1","1","HARYANA"
true,"BER","2024-06-28T15:03:39.508","1","1","ba4a017f-c8a6-49ad-9fce-2b024e8dde71","2024-06-28T15:03:39.508","1","1","DELHI"
true,"BGS","2024-06-28T15:03:39.509","1","1","f56a6064-9e3b-4bd7-9a0e-68327013fbd9","2024-06-28T15:03:39.509","1","1","DELHI"
true,"BOD","2024-06-28T15:03:39.51","1","1","47f47bdb-8f66-4395-a054-31d864f511e7","2024-06-28T15:03:39.51","1","1","HARYANA"
true,"GRS","2024-06-28T15:03:39.511","1","1","0e62f64a-01b2-4a95-9bb7-47ad7596d308","2024-06-28T15:03:39.511","1","1","HARYANA"
true,"FTH","2024-06-28T15:03:39.512","1","1","291475c9-b385-40ea-af21-fff2790afc66","2024-06-28T15:03:39.512","1","1","TAMIL NADU"
true,"MAK","2024-06-28T15:03:39.512","1","1","0d32e74e-5690-4ab5-810f-a0b427a69632","2024-06-28T15:03:39.512","1","1","DELHI"
true,"PAX","2024-06-28T15:03:39.513","1","1","db1c89e7-c975-4f13-9279-2d5e8e0fa85b","2024-06-28T15:03:39.513","1","1","DELHI"
true,"RPX","2024-06-28T15:03:39.514","1","1","59d9f015-9466-49de-86ee-5885c0f4cadb","2024-06-28T15:03:39.514","1","1","DELHI"
true,"YSY","2024-06-28T15:03:39.515","1","1","abdb90d5-5709-42c9-b7d7-2a150c8900f5","2024-06-28T15:03:39.515","1","1","MAHARASHTRA"
true,"SYR","2024-06-28T15:03:39.516","1","1","a248fd35-00eb-4c8a-b4ef-2be57fd57259","2024-06-28T15:03:39.516","1","1","MAHARASHTRA"
true,"LOG","2024-06-28T15:03:39.517","1","1","6458c39b-89db-4f5a-9faf-73f6731eb77f","2024-06-28T15:03:39.517","1","1","DELHI"
true,"MNS","2024-06-28T15:03:39.517","1","1","f4f80ba5-6b14-43ec-958e-85dea7dd4325","2024-06-28T15:03:39.517","1","1","HARYANA"
true,"POT","2024-06-28T15:03:39.518","1","1","5135ca2d-9650-4879-a2bf-e68b322eb891","2024-06-28T15:03:39.518","1","1","KARNATAKA"
true,"BHJ","2024-06-28T15:03:39.519","1","1","51ca58f9-6f5e-402f-8ca6-ea1dfa579a52","2024-06-28T15:03:39.519","1","1","WEST BENGAL"
true,"ASE","2024-06-28T15:03:39.52","1","1","a526a121-d49b-4f4f-9984-ae53fb783672","2024-06-28T15:03:39.52","1","1","GUJARAT"
true,"VOY","2024-06-28T15:03:39.521","1","1","504d0f54-91e7-44ad-ba07-4d7adb5a7db8","2024-06-28T15:03:39.521","1","1","KARNATAKA"
true,"HMT","2024-06-28T15:03:39.522","1","1","181d19cc-2340-4da1-9c21-5ea33ecd28f5","2024-06-28T15:03:39.522","1","1","KARNATAKA"
true,"JUP","2024-06-28T15:03:39.522","1","1","4fb9948a-e14d-469f-8c05-956ee13b5ccf","2024-06-28T15:03:39.522","1","1","PUNJAB"
true,"JUV","2024-06-28T15:03:39.523","1","1","1eac0f32-e371-48c6-96b7-1fbfdd4eeb9a","2024-06-28T15:03:39.523","1","1","KARNATAKA"
true,"FST","2024-06-28T15:03:39.524","1","1","e7c1bafc-2934-4c94-bfda-c495ae26c7cf","2024-06-28T15:03:39.524","1","1","RAJASTHAN"
true,"MEN","2024-06-28T15:03:39.525","1","1","31251d9e-c268-40ab-8a44-35741e7532f8","2024-06-28T15:03:39.525","1","1","KARNATAKA"
true,"BBE","2024-06-28T15:03:39.526","1","1","873536a9-047a-4b92-a9c6-248fbb2d2e86","2024-06-28T15:03:39.526","1","1","TELANGANA"
true,"NAC","2024-06-28T15:03:39.527","1","1","eb812c3a-ceb1-4566-9c23-f02512138b95","2024-06-28T15:03:39.527","1","1","DELHI"
true,"NIK","2024-06-28T15:03:39.527","1","1","c42c49bf-1258-4559-bbc8-dbf263af2710","2024-06-28T15:03:39.527","1","1","GUJARAT"
true,"OMA","2024-06-28T15:03:39.528","1","1","f59ffb86-51d6-4ce9-a4f1-dca9391ffa4d","2024-06-28T15:03:39.528","1","1","GUJARAT"
true,"ONE","2024-06-28T15:03:39.529","1","1","2f55d4e2-b443-47f0-935c-33cc81ba5559","2024-06-28T15:03:39.529","1","1","MAHARASHTRA"
true,"PKT","2024-06-28T15:03:39.53","1","1","7811766b-e656-41c0-baf5-50183d53a092","2024-06-28T15:03:39.53","1","1","HARYANA"
true,"PBN","2024-06-28T15:03:39.53","1","1","644b41de-66ae-4717-9fbf-2a600bb4d407","2024-06-28T15:03:39.53","1","1","KARNATAKA"
true,"PBS","2024-06-28T15:03:39.531","1","1","f5200a37-71a8-4703-932a-734e1a556a24","2024-06-28T15:03:39.531","1","1","KARNATAKA"
true,"LMR","2024-06-28T15:03:39.532","1","1","c4832e4d-70ac-4fc3-a536-eceb5602b82f","2024-06-28T15:03:39.532","1","1","HARYANA"
true,"WIC","2024-06-28T15:03:39.533","1","1","d8ee05b4-a39e-41f7-b70d-1101242d75ae","2024-06-28T15:03:39.533","1","1","GUJARAT"
true,"WBO","2024-06-28T15:03:39.534","1","1","1fd3c03c-acc1-4eba-81fd-137a62ff293e","2024-06-28T15:03:39.534","1","1","UTTAR PRADESH"
true,"YAN","2024-06-28T15:03:39.534","1","1","881f6570-8f9b-4623-bd6d-bfaa123aaf81","2024-06-28T15:03:39.534","1","1","UTTAR PRADESH"
true,"ADS","2024-06-28T15:03:39.535","1","1","f386f3f7-565e-4b81-89ae-6808bfd24cc3","2024-06-28T15:03:39.535","1","1","DELHI"
true,"OMS","2024-06-28T15:03:39.536","1","1","4e58695e-374f-485e-b3fc-643a1a9fca45","2024-06-28T15:03:39.536","1","1","DELHI"
true,"QXG","2024-06-28T15:03:39.537","1","1","6688791a-5c78-40d0-bc70-4410e4be880d","2024-06-28T15:03:39.537","1","1","UTTAR PRADESH"
true,"SLS","2024-06-28T15:03:39.537","1","1","d372f5ef-cde0-4bf8-ae64-59e366813d78","2024-06-28T15:03:39.537","1","1","GUJARAT"
true,"SDP","2024-06-28T15:03:39.538","1","1","9f8f2d65-5b44-4d65-ae37-bd9452c3193d","2024-06-28T15:03:39.538","1","1","RAJASTHAN"
true,"SPY","2024-06-28T15:03:39.539","1","1","77d0b783-5c02-4ec7-874e-09c34919999e","2024-06-28T15:03:39.539","1","1","HARYANA"
true,"SHY","2024-06-28T15:03:39.54","1","1","0247701c-83f2-4ea8-84cd-e2fd2f0fe765","2024-06-28T15:03:39.54","1","1","MAHARASHTRA"
true,"SPM","2024-06-28T15:03:39.541","1","1","ab68e030-4c19-49cf-ba65-baf8dc212485","2024-06-28T15:03:39.541","1","1","DELHI"
true,"SMC","2024-06-28T15:03:39.542","1","1","8c357eb2-44d5-4575-bb61-ab0c6fef2d27","2024-06-28T15:03:39.542","1","1","DELHI"
true,"STS","2024-06-28T15:03:39.543","1","1","0afd4f55-2aa1-459c-bcdf-cfa1bca7f5a9","2024-06-28T15:03:39.543","1","1","HARYANA"
true,"NAT","2024-06-28T15:03:39.543","1","1","f2c6b6c1-fca7-4963-861f-1089515310e5","2024-06-28T15:03:39.543","1","1","KERALA"
true,"PNK","2024-06-28T15:03:39.544","1","1","a8f2dc46-ce56-49b4-aebf-68708c88fce1","2024-06-28T15:03:39.544","1","1","TAMIL NADU"
true,"TDS","2024-06-28T15:03:39.545","1","1","9c6dc562-7b38-4885-9f70-8d04bc66fef5","2024-06-28T15:03:39.545","1","1","MAHARASHTRA"
true,"VIL","2024-06-28T15:03:39.546","1","1","c558ffb9-1043-4d9a-a935-22a84be1b14d","2024-06-28T15:03:39.546","1","1","TAMIL NADU"
true,"YCL","2024-06-28T15:03:39.546","1","1","7e794a77-f591-4d76-be5d-dd23c53c85cc","2024-06-28T15:03:39.546","1","1","MADHYA PRADESH"
true,"PRO","2024-06-28T15:03:39.547","1","1","a6d34ec7-9b7f-4f88-971b-d737dc0f469c","2024-06-28T15:03:39.547","1","1","UTTAR PRADESH"
true,"MWP","2024-06-28T15:03:39.548","1","1","cfb66fa6-51df-415e-a713-deea2d906ccf","2024-06-28T15:03:39.548","1","1","MAHARASHTRA"
true,"MNM","2024-06-28T15:03:39.549","1","1","0c15691e-8df3-43dc-bae2-2752776efe65","2024-06-28T15:03:39.549","1","1","MAHARASHTRA"
true,"BBW","2024-06-28T15:03:39.55","1","1","a2d97061-99fd-40eb-b23b-e32efbb0b0e4","2024-06-28T15:03:39.55","1","1","MAHARASHTRA"
true,"ONS","2024-06-28T15:03:39.55","1","1","9c8285c6-6a42-46ef-a1eb-e5de5b49ed8d","2024-06-28T15:03:39.55","1","1","KARNATAKA"
true,"TBS","2024-06-28T15:03:39.551","1","1","48b2e7d3-33ec-42ae-967b-8b1903691b22","2024-06-28T15:03:39.551","1","1","WEST BENGAL"
true,"LHL","2024-06-28T15:03:39.552","1","1","e77382c1-9ec1-4384-8aa6-3223fbfb43b2","2024-06-28T15:03:39.552","1","1","MAHARASHTRA"
true,"SSL","2024-06-28T15:03:39.553","1","1","d8a7212c-872c-42a3-8713-73472b8cab1a","2024-06-28T15:03:39.553","1","1","GUJARAT"
true,"ANA","2024-06-28T15:03:39.554","1","1","2d944df9-8bfe-41c1-b950-b5a6aaa319d1","2024-06-28T15:03:39.554","1","1","HARYANA"
true,"ANH","2024-06-28T15:03:39.555","1","1","97492afd-609f-47f1-b1ac-1f12782d7ff3","2024-06-28T15:03:39.555","1","1","HARYANA"
true,"SDL","2024-06-28T15:03:39.555","1","1","03d9cc4b-e16d-4c9b-be08-cce16f576bc6","2024-06-28T15:03:39.555","1","1","HARYANA"
true,"AWW","2024-06-28T15:03:39.556","1","1","0b40157b-4e99-4084-b988-b1a295a32c9a","2024-06-28T15:03:39.556","1","1","MAHARASHTRA"
true,"GBS","2024-06-28T15:03:39.557","1","1","62753c66-73e6-4e6d-aef5-062b5d3a434b","2024-06-28T15:03:39.557","1","1","DELHI, HARYANA, KARNATAKA"
true,"SRC","2024-06-28T15:03:39.558","1","1","429ed07b-2e6c-44e1-aff1-7f7fc4738f3a","2024-06-28T15:03:39.558","1","1","MAHARASHTRA"
true,"SHC","2024-06-28T15:03:39.558","1","1","0f34654b-c163-4b8a-8668-c200f3115f57","2024-06-28T15:03:39.558","1","1","HARYANA"
true,"TKI","2024-06-28T15:03:39.559","1","1","a97e1d61-268d-4a2b-a384-815b18a84bac","2024-06-28T15:03:39.559","1","1","DELHI"
true,"BYJ","2024-06-28T15:03:39.56","1","1","4c991cbc-bb87-4d9b-8cfd-6c7b6b183eae","2024-06-28T15:03:39.56","1","1","KARNATAKA"
true,"MYA","2024-06-28T15:03:39.561","1","1","94b065c8-9272-40ff-aa12-b56d210eaef5","2024-06-28T15:03:39.561","1","1","TELANGANA"
true,"NAY","2024-06-28T15:03:39.562","1","1","fa13fa12-d5cb-4872-8665-e527e26d3940","2024-06-28T15:03:39.562","1","1","DAMAN & DIU"
true,"DEH","2024-06-28T15:03:39.562","1","1","19ab5761-6b96-44ac-b505-8576f079db0a","2024-06-28T15:03:39.562","1","1","MAHARASHTRA"
true,"DEM","2024-06-28T15:03:39.563","1","1","d70301e5-87f4-4e76-b0ad-03c35eec527c","2024-06-28T15:03:39.563","1","1","MAHARASHTRA"
true,"ATO","2024-06-28T15:03:39.564","1","1","2a771cba-df35-4a21-b96a-f0f6bbff9c3e","2024-06-28T15:03:39.564","1","1","KARNATAKA"
true,"BIC","2024-06-28T15:03:39.565","1","1","7942b742-bcc1-4680-9d5f-0cce6a39951a","2024-06-28T15:03:39.565","1","1","MAHARASHTRA"
true,"GNT","2024-06-28T15:03:39.566","1","1","f133d744-802e-4f7e-8ff3-e07f7ec46d13","2024-06-28T15:03:39.566","1","1","UTTAR PRADESH"
true,"HBL","2024-06-28T15:03:39.566","1","1","da11a2ee-640a-42fd-add8-31f006703bfc","2024-06-28T15:03:39.566","1","1","KARNATAKA, GUJARAT"
true,"INC","2024-06-28T15:03:39.567","1","1","998d75df-eaaf-4b55-bab5-4ad85e223716","2024-06-28T15:03:39.567","1","1","TELANGANA"
true,"JCS","2024-06-28T15:03:39.568","1","1","44e9b660-bd44-4eae-972a-34f0b20cee63","2024-06-28T15:03:39.568","1","1","KARNATAKA"
true,"LEH","2024-06-28T15:03:39.569","1","1","1ccabd71-7324-48a1-b656-0a07122559fd","2024-06-28T15:03:39.569","1","1","GUJARAT"
true,"LEV","2024-06-28T15:03:39.57","1","1","dbf366bd-823c-4a31-ad13-6c7aca4481dc","2024-06-28T15:03:39.57","1","1","GUJARAT"
true,"LKE","2024-06-28T15:03:39.57","1","1","18eb1e4d-b6b9-4d77-bbbc-8f21e0379a03","2024-06-28T15:03:39.57","1","1","TAMIL NADU"
true,"MLY","2024-06-28T15:03:39.571","1","1","09d6f12a-4a82-4da5-a9cb-b90bf9954036","2024-06-28T15:03:39.571","1","1","TAMIL NADU"
true,"SIA","2024-06-28T15:03:39.574","1","1","cb23b4f6-9e92-43bd-ae9d-defb1011ef5e","2024-06-28T15:03:39.574","1","1","UTTAR PRADESH"
true,"TIV","2024-06-28T15:03:39.575","1","1","6d371d2a-78f2-4e00-a24c-1e6cb8aaf503","2024-06-28T15:03:39.575","1","1","TAMIL NADU"
true,"KRT","2024-06-28T15:03:39.576","1","1","2b9e6f06-d76f-424d-baea-7b276b7e739f","2024-06-28T15:03:39.576","1","1","HARYANA"
true,"SMG","2024-06-28T15:03:39.577","1","1","4c35ee73-d19f-4719-82a1-8b75c1fc0dfd","2024-06-28T15:03:39.577","1","1","HARYANA"
true,"SRT","2024-06-28T15:03:39.578","1","1","d8a94c8c-b0fe-40fe-8a5f-3a2e703aec0d","2024-06-28T15:03:39.578","1","1","HARYANA"
true,"SRB","2024-06-28T15:03:39.579","1","1","5ed2298a-d81c-488d-b71d-dac26d22155f","2024-06-28T15:03:39.579","1","1","HARYANA"
true,"AIR","2024-06-28T15:03:39.579","1","1","c239cb38-68b1-49a5-9ace-d3ff0f5849c2","2024-06-28T15:03:39.579","1","1","BIHAR"
true,"BOH","2024-06-28T15:03:39.58","1","1","d94ea7ab-1295-4566-bb5c-e6fac4c52f9b","2024-06-28T15:03:39.58","1","1","MAHARASHTRA"
true,"CPA","2024-06-28T15:03:39.581","1","1","663ca06a-b37b-4d2d-8548-22aa2b858a28","2024-06-28T15:03:39.581","1","1","KARNATAKA"
true,"DIT","2024-06-28T15:03:39.582","1","1","08ec1e89-a16c-4d73-a1b6-22d0fa9868de","2024-06-28T15:03:39.582","1","1","HARYANA"
true,"GLW","2024-06-28T15:03:39.583","1","1","97970481-f4b9-4158-a060-5404f4d7096f","2024-06-28T15:03:39.583","1","1","DELHI"
true,"NIR","2024-06-28T15:03:39.583","1","1","6ca7c536-bc02-4213-b50e-69954f0cca23","2024-06-28T15:03:39.583","1","1","HARYANA"
true,"PAA","2024-06-28T15:03:39.584","1","1","798abe36-9398-45bf-bb9e-b41ff45bc41a","2024-06-28T15:03:39.584","1","1","DELHI"
true,"POW","2024-06-28T15:03:39.585","1","1","6b181e3d-c377-4bbf-bf16-67da7f31a820","2024-06-28T15:03:39.585","1","1","MAHARASHTRA"
true,"PTI","2024-06-28T15:03:39.586","1","1","c1ab9b68-3006-4d18-8258-8849578982b5","2024-06-28T15:03:39.586","1","1","WEST BENGAL"
true,"FOS","2024-06-28T15:03:39.587","1","1","a33a98ed-3526-4eb1-80f1-76ce6440cc9f","2024-06-28T15:03:39.587","1","1","TELANGANA"
true,"SIP","2024-06-28T15:03:39.588","1","1","753bdea9-6947-45be-acec-f20e5b0ca5b7","2024-06-28T15:03:39.588","1","1","UTTAR PRADESH"
true,"SKI","2024-06-28T15:03:39.588","1","1","49e1d055-d5a3-4cc7-9eee-0b93643dee72","2024-06-28T15:03:39.588","1","1","RAJASTHAN"
true,"MSP","2024-06-28T15:03:39.589","1","1","c638c4f1-3b30-49a0-8e7d-e2074f67949f","2024-06-28T15:03:39.589","1","1","WEST BENGAL"
true,"WML","2024-06-28T15:03:39.59","1","1","81a41931-17e2-4702-b1fc-5fa0a9eac622","2024-06-28T15:03:39.59","1","1","KARNATAKA"
true,"OMH","2024-06-28T15:03:39.591","1","1","4c59a103-a0ed-43f8-aa94-04b33bdfe438","2024-06-28T15:03:39.591","1","1","GUJARAT"
true,"PPJ","2024-06-28T15:03:39.592","1","1","8f960009-efbb-48eb-8e75-c2426750188e","2024-06-28T15:03:39.592","1","1","KARNATAKA"
true,"APH","2024-06-28T15:03:39.592","1","1","7775fa64-7719-4e48-9a42-4806ec8080cc","2024-06-28T15:03:39.592","1","1","MAHARASHTRA"
true,"CUL","2024-06-28T15:03:39.593","1","1","88930786-a1d1-4abe-9972-88cfe6683fdd","2024-06-28T15:03:39.593","1","1","KARNATAKA"
true,"EPO","2024-06-28T15:03:39.594","1","1","375c38cb-5c9e-42f1-a498-4ab4e80701a2","2024-06-28T15:03:39.594","1","1","HARYANA"
true,"FRK","2024-06-28T15:03:39.594","1","1","713b14d6-8ee2-4251-863f-bc6aa439df0f","2024-06-28T15:03:39.594","1","1","MAHARASHTRA"
true,"FSP","2024-06-28T15:03:39.595","1","1","5330c04c-de06-43d4-884b-932808966a63","2024-06-28T15:03:39.595","1","1","UTTAR PRADESH"
true,"ILS","2024-06-28T15:03:39.596","1","1","40ce66c4-2104-48c6-9070-77b4626f44b8","2024-06-28T15:03:39.596","1","1","MAHARASHTRA"
true,"ILQ","2024-06-28T15:03:39.597","1","1","86f98841-7359-4ee5-b9ae-a954d92b0dba","2024-06-28T15:03:39.597","1","1","MAHARASHTRA"
true,"LKS","2024-06-28T15:03:39.598","1","1","6829f422-3732-455f-a547-ddb2d9942f4b","2024-06-28T15:03:39.598","1","1","HARYANA"
true,"MAX","2024-06-28T15:03:39.598","1","1","daae41d6-09d9-4534-b1b3-a3b1f404bba2","2024-06-28T15:03:39.598","1","1","KARNATAKA"
true,"OPC","2024-06-28T15:03:39.599","1","1","6b025f4b-e4c6-463d-b116-b15f352d70d0","2024-06-28T15:03:39.599","1","1","KARNATAKA"
true,"PRD","2024-06-28T15:03:39.6","1","1","5ef09a93-10da-44e8-ba83-c4e3e3209364","2024-06-28T15:03:39.6","1","1","DELHI"
true,"SSS","2024-06-28T15:03:39.601","1","1","29ec84a4-e2df-409d-b9f8-2761a144f68b","2024-06-28T15:03:39.601","1","1","TAMIL NADU"
true,"TRX","2024-06-28T15:03:39.602","1","1","2176d5d6-0171-4d2e-8936-6d3e623a93a6","2024-06-28T15:03:39.602","1","1","DELHI"
true,"WOW","2024-06-28T15:03:39.603","1","1","ea134b1a-be27-4bea-80dc-f2de21d8c8f6","2024-06-28T15:03:39.603","1","1","KARNATAKA"
true,"BJA","2024-06-28T15:03:39.603","1","1","04149c42-92b5-4adc-bfb1-a51121536e65","2024-06-28T15:03:39.603","1","1","DELHI"
true,"BJS","2024-06-28T15:03:39.604","1","1","a36d0648-f04d-4065-beda-ddd0c8afaf80","2024-06-28T15:03:39.604","1","1","DELHI"
true,"HHP","2024-06-28T15:03:39.605","1","1","1a45979d-b8c9-43b8-addd-86cbd03052cc","2024-06-28T15:03:39.605","1","1","HARYANA"
true,"HPL","2024-06-28T15:03:39.606","1","1","1bcccab2-8a3c-4036-bff3-cfab5c8af2cc","2024-06-28T15:03:39.606","1","1","HARYANA"
true,"VEI","2024-06-28T15:03:39.606","1","1","7a3da210-47e6-4a8d-a89e-44c8bafc2099","2024-06-28T15:03:39.606","1","1","GUJARAT"
true,"TEN","2024-06-28T15:03:39.607","1","1","8a603bca-56c2-42c7-8635-56814c293e42","2024-06-28T15:03:39.607","1","1","KARNATAKA"
true,"YCT","2024-06-28T15:03:39.608","1","1","3b100273-8465-463d-96b9-39dcd6aa3f65","2024-06-28T15:03:39.608","1","1","UTTAR PRADESH"
true,"TRC","2024-06-28T15:03:39.609","1","1","5e8e8f17-d44d-4fde-8265-ee25d8e9247c","2024-06-28T15:03:39.609","1","1","DELHI"
true,"HAA","2024-06-28T15:03:39.611","1","1","2a184cda-03a9-4b4e-a925-2b9ec968d777","2024-06-28T15:03:39.611","1","1","DELHI"
true,"NOB","2024-06-28T15:03:39.612","1","1","e56e3a51-de9d-40a2-a200-31b8d6de15c5","2024-06-28T15:03:39.612","1","1","TELANGANA"
true,"NDF","2024-06-28T15:03:39.613","1","1","d61fadf1-7e98-4782-ac9a-f760980f516a","2024-06-28T15:03:39.613","1","1","MAHARASHTRA"
true,"NDT","2024-06-28T15:03:39.615","1","1","76f8f91f-ad73-468b-a77f-177845f9efb7","2024-06-28T15:03:39.615","1","1","MAHARASHTRA"
true,"SXP","2024-06-28T15:03:39.615","1","1","f07dded5-b0e3-4398-a686-d2de57fcbeff","2024-06-28T15:03:39.615","1","1","GUJARAT"
true,"WHT","2024-06-28T15:03:39.616","1","1","529aa150-7470-4d26-94e0-dab17a116e11","2024-06-28T15:03:39.616","1","1","GUJARAT"
true,"BAL","2024-06-28T15:03:39.617","1","1","73cbc7c0-6cf9-4706-9a45-1ab7981c1fc7","2024-06-28T15:03:39.617","1","1","KARNATAKA"
true,"ASP","2024-06-28T15:03:39.618","1","1","d8f73cde-9371-40ee-a40b-1f01ff9e0734","2024-06-28T15:03:39.618","1","1","MAHARASHTRA"
true,"MOG","2024-06-28T15:03:39.619","1","1","41dcac92-6c38-4341-8c0d-2f4595b64dfe","2024-06-28T15:03:39.619","1","1","DELHI"
true,"LBS","2024-06-28T15:03:39.619","1","1","e0e29a38-e85d-4329-814f-6b33afe9a31b","2024-06-28T15:03:39.619","1","1","HARYANA"
true,"SLH","2024-06-28T15:03:39.62","1","1","a6587c37-673c-4b9b-bac1-529a909ac5e7","2024-06-28T15:03:39.62","1","1","GUJARAT"
true,"WHY","2024-06-28T15:03:39.621","1","1","7a6339da-3cf5-4321-ae30-03e3de9a2348","2024-06-28T15:03:39.621","1","1","GUJARAT"
true,"TNL","2024-06-28T15:03:39.622","1","1","9f117e00-3db2-42d8-9e5c-0195cf7e7ade","2024-06-28T15:03:39.622","1","1","KARNATAKA"
true,"APS","2024-06-28T15:03:39.622","1","1","e5650045-c60e-4677-b98e-d19372e7da0a","2024-06-28T15:03:39.622","1","1","MAHARASHTRA"
true,"AST","2024-06-28T15:03:39.623","1","1","2d8ab39f-325f-40b1-9bb7-4a59950f2c70","2024-06-28T15:03:39.623","1","1","MAHARASHTRA"
true,"MFT","2024-06-28T15:03:39.624","1","1","d533b16a-78d9-4945-9f91-6ddf98175e08","2024-06-28T15:03:39.624","1","1","MAHARASHTRA"
true,"NEO","2024-06-28T15:03:39.625","1","1","5409c753-26e1-41c2-88e9-2ba6779c65c1","2024-06-28T15:03:39.625","1","1","MAHARASHTRA"
true,"UBI","2024-06-28T15:03:39.626","1","1","47ed774e-f2cf-4dc1-a4e9-13b080608783","2024-06-28T15:03:39.626","1","1","DELHI"
true,"FIS","2024-06-28T15:03:39.626","1","1","673cfae5-4a5b-4f58-bb9b-5ab7a3c50d12","2024-06-28T15:03:39.626","1","1","KARNATAKA"
true,"YKT","2024-06-28T15:03:39.627","1","1","7c147574-7a43-4106-add5-b7b54cc602c8","2024-06-28T15:03:39.627","1","1","KARNATAKA"
true,"OAA","2024-06-28T15:03:39.628","1","1","09152cb7-3cf8-47ae-b54a-6501b3e1080c","2024-06-28T15:03:39.628","1","1","MAHARASHTRA"
true,"SWD","2024-06-28T15:03:39.629","1","1","8ff05667-227d-41af-94bc-c6f1e7d19205","2024-06-28T15:03:39.629","1","1","RAJASTHAN"
true,"RED","2024-06-28T15:03:39.63","1","1","6c41abaa-4658-4e41-973e-0ac297d70e78","2024-06-28T15:03:39.63","1","1","UTTAR PRADESH"
true,"ALU","2024-06-28T15:03:39.63","1","1","934438d0-8d1f-4d86-b055-1c4357e986a9","2024-06-28T15:03:39.63","1","1","KERALA"
true,"BAK","2024-06-28T15:03:39.631","1","1","2f4034dc-a5de-408a-9d0d-886827a1cee9","2024-06-28T15:03:39.631","1","1","DELHI"
true,"DEY","2024-06-28T15:03:39.632","1","1","12e288b9-75e5-4008-b195-c8bfd72bce18","2024-06-28T15:03:39.632","1","1","TAMIL NADU"
true,"HOB","2024-06-28T15:03:39.633","1","1","7d638c83-9191-4207-adaf-34921ce0441e","2024-06-28T15:03:39.633","1","1","MADHYA PRADESH"
true,"MZV","2024-06-28T15:03:39.634","1","1","d360ab28-a4c9-44d1-bc93-ae4d209d44a3","2024-06-28T15:03:39.634","1","1","PUNJAB"
true,"SHI","2024-06-28T15:03:39.634","1","1","8adb1225-da5e-4d91-a3d2-8fec683adb57","2024-06-28T15:03:39.634","1","1","HARYANA"
true,"PPR","2024-06-28T15:03:39.635","1","1","c35bac9e-cc95-4a0a-bdd9-21cb3a50b17b","2024-06-28T15:03:39.635","1","1","MAHARASHTRA"
true,"SCW","2024-06-28T15:03:39.636","1","1","c85b13fb-4051-427b-94f0-da51e752e408","2024-06-28T15:03:39.636","1","1","DELHI"
true,"OAC","2024-06-28T15:03:39.637","1","1","5c59fd2d-4487-431e-8802-6f05c6b5c862","2024-06-28T15:03:39.637","1","1","MAHARASHTRA"
true,"MRP","2024-06-28T15:03:39.637","1","1","fb6379c1-4231-4696-af88-b962ab435089","2024-06-28T15:03:39.637","1","1","MAHARASHTRA"
true,"PSL","2024-06-28T15:03:39.638","1","1","238ea8ac-7004-4c13-b9ca-9c9d12dd86e1","2024-06-28T15:03:39.638","1","1","MAHARASHTRA"
true,"PSH","2024-06-28T15:03:39.639","1","1","1912ccc8-0f7f-4e7c-99f4-ab1b3ff4f012","2024-06-28T15:03:39.639","1","1","MAHARASHTRA"
true,"PTP","2024-06-28T15:03:39.64","1","1","9ab2f9d7-f2d5-496b-b0a7-855298fa1094","2024-06-28T15:03:39.64","1","1","MAHARASHTRA"
true,"PTH","2024-06-28T15:03:39.64","1","1","017f0e17-bf38-4c36-8a20-452b7a215a22","2024-06-28T15:03:39.64","1","1","MAHARASHTRA"
true,"TUL","2024-06-28T15:03:39.644","1","1","1f42e9b9-9318-483e-96a2-b0ed5da06ad8","2024-06-28T15:03:39.644","1","1","WEST BENGAL"
true,"ITL","2024-06-28T15:03:39.645","1","1","834ad65b-a6eb-4806-b043-dae27c9d1646","2024-06-28T15:03:39.645","1","1","MAHARASHTRA"
true,"DEA","2024-06-28T15:03:39.645","1","1","06a6ac74-9be4-4b1d-b71c-8af8f15f414b","2024-06-28T15:03:39.645","1","1","MAHARASHTRA"
true,"SGO","2024-06-28T15:03:39.646","1","1","baf8b465-e154-468e-8809-8134405054f9","2024-06-28T15:03:39.646","1","1","HARYANA"
true,"GLA","2024-06-28T15:03:39.699","1","1","af71ff55-7db5-4f56-a8aa-7de850f97de1","2024-06-28T15:03:39.699","1","1","MAHARASHTRA"
true,"FMR","2024-06-28T15:03:39.647","1","1","79e4c7d1-2d8e-4e3a-b0d4-ce21721d8afd","2024-06-28T15:03:39.647","1","1","ANDAMAN & NICOBAR, ANDHRA PRADESH, ANDHRA PRADESH, ARUNACHAL PRADESH, ASSAM, BIHAR, CHANDIGARH, CHHATTISGARH, DADRA AND NAGAR HAVELI, DELHI, GOA, GUJARAT, HARYANA, HIMACHAL PRADESH, JHARKHAND, KARNATAKA, KERALA, LADAKH, LAKSHADWEEP, MADHYA PRADESH, MAHARASHTRA, MANIPUR, MEGHALAYA, MIZORAM, NAGALAND, ORISSA, PONDICHERRY, PUNJAB, RAJASTHAN, SIKKIM, TAMIL NADU, TELANGANA, TRIPURA, UTTAR PRADESH, UTTARAKHAND, WEST BENGAL"
true,"CAR","2024-06-28T15:03:39.648","1","1","4838107b-8e61-4f59-9f6f-9b53b7c2d3c9","2024-06-28T15:03:39.648","1","1","TAMIL NADU"
true,"STO","2024-06-28T15:03:39.649","1","1","c352100d-c24a-4032-8bcc-2f849e914783","2024-06-28T15:03:39.649","1","1","HARYANA"
true,"KYR","2024-06-28T15:03:39.649","1","1","44fa630d-b3ee-47e3-9d8a-e8708550e7fe","2024-06-28T15:03:39.649","1","1","MADHYA PRADESH"
true,"VCF","2024-06-28T15:03:39.65","1","1","d5915dab-f08e-4ebb-9d6c-4cac77f9b048","2024-06-28T15:03:39.65","1","1","HARYANA"
true,"SMN","2024-06-28T15:03:39.651","1","1","d9e10dde-438b-4cc5-b3fb-8a11b2743819","2024-06-28T15:03:39.651","1","1","MAHARASHTRA"
true,"NCU","2024-06-28T15:03:39.651","1","1","35d35d15-be6b-4461-8530-4f667da6e6d9","2024-06-28T15:03:39.651","1","1","HARYANA"
true,"GLB","2024-06-28T15:03:39.652","1","1","76ebba51-a8f8-4707-b11d-6cc1e3388b0a","2024-06-28T15:03:39.652","1","1","MADHYA PRADESH"
true,"NAH","2024-06-28T15:03:39.653","1","1","c93a28be-5377-4440-a2c9-5e4af02cb237","2024-06-28T15:03:39.653","1","1","MAHARASHTRA"
true,"ITX","2024-06-28T15:03:39.654","1","1","2dbc9044-36e2-4391-9b37-48806c65517a","2024-06-28T15:03:39.654","1","1","HARYANA"
true,"SAR","2024-06-28T15:03:39.654","1","1","abd50b8c-f4eb-4ef0-a3b6-795868f44efb","2024-06-28T15:03:39.654","1","1","ANDHRA PRADESH, ASSAM, BIHAR, CHHATTISGARH, DELHI, GUJARAT, HARYANA, HIMACHAL PRADESH, JHARKHAND, KARNATAKA, KERALA, MADHYA PRADESH, MAHARASHTRA, ORISSA, PUNJAB, RAJASTHAN, TAMIL NADU, TELANGANA, UTTAR PRADESH, UTTARAKHAND, JAMMU AND KASHMIR, WEST BENGAL"
true,"SMH","2024-06-28T15:03:39.655","1","1","39f2b590-f8c8-40a6-85cd-c9f7f0994d85","2024-06-28T15:03:39.655","1","1","HARYANA"
true,"NDL","2024-06-28T15:03:39.656","1","1","df993c96-4b6a-4929-88da-d79e3d7e2e7e","2024-06-28T15:03:39.656","1","1","MAHARASHTRA"
true,"NDK","2024-06-28T15:03:39.656","1","1","cd3ee417-93db-4322-9005-0ffe2ab16589","2024-06-28T15:03:39.656","1","1","MAHARASHTRA"
true,"NBC","2024-06-28T15:03:39.657","1","1","86996fc1-dcbf-492b-b73a-34e38f73bc7c","2024-06-28T15:03:39.657","1","1","HARYANA"
true,"CTP","2024-06-28T15:03:39.658","1","1","a08bf70c-e665-4047-b650-520c98f01f68","2024-06-28T15:03:39.658","1","1","MAHARASHTRA"
true,"PAD","2024-06-28T15:03:39.659","1","1","d4e5fca5-8cac-4032-97ab-5f8a3f36a3c3","2024-06-28T15:03:39.659","1","1","DELHI"
true,"ELH","2024-06-28T15:03:39.659","1","1","0d89be1d-df4d-492f-923b-c9261efa1021","2024-06-28T15:03:39.659","1","1","HARYANA"
true,"BON","2024-06-28T15:03:39.66","1","1","6c70ac41-2224-4eaf-9e8c-683783b80462","2024-06-28T15:03:39.66","1","1","MAHARASHTRA"
true,"CLR","2024-06-28T15:03:39.661","1","1","edd8e513-db79-461d-ad3b-dc88a2f6f83a","2024-06-28T15:03:39.661","1","1","MAHARASHTRA"
true,"CSC","2024-06-28T15:03:39.661","1","1","961dd9e2-8a79-4509-a449-6506ae53e74d","2024-06-28T15:03:39.661","1","1","HARYANA"
true,"SRM","2024-06-28T15:03:39.662","1","1","f8390970-d759-46fc-9dd6-016f4f0f9f5e","2024-06-28T15:03:39.662","1","1","DELHI"
true,"TLS","2024-06-28T15:03:39.663","1","1","0c011829-1603-4707-be65-11872e8b9f79","2024-06-28T15:03:39.663","1","1","KARNATAKA"
true,"BOW","2024-06-28T15:03:39.664","1","1","b803f20b-3eb2-4fb9-a650-f8a7c3c72c89","2024-06-28T15:03:39.664","1","1","HARYANA"
true,"HKT","2024-06-28T15:03:39.664","1","1","6cfb947f-c3ca-48dd-9912-4c9b437cdc3e","2024-06-28T15:03:39.664","1","1","HARYANA"
true,"CBS","2024-06-28T15:03:39.665","1","1","b949bdbb-ab50-4713-854a-0ac7acdfd00e","2024-06-28T15:03:39.665","1","1","DELHI"
true,"IMP","2024-06-28T15:03:39.666","1","1","f6359087-d2a4-472b-9349-a3686e3f0b76","2024-06-28T15:03:39.666","1","1","DELHI, UTTAR PRADESH"
true,"LEL","2024-06-28T15:03:39.666","1","1","ee891539-2962-401b-aef9-03d8bb2b8d74","2024-06-28T15:03:39.666","1","1","GUJARAT"
true,"TUS","2024-06-28T15:03:39.667","1","1","5034a4ea-1423-4d9a-be24-6d6bbe939d90","2024-06-28T15:03:39.667","1","1","WEST BENGAL"
true,"NDY","2024-06-28T15:03:39.668","1","1","1933b0e9-2a78-483e-9987-a0e65ca4dc84","2024-06-28T15:03:39.668","1","1","MAHARASHTRA"
true,"NDA","2024-06-28T15:03:39.669","1","1","ef8ca384-6e00-458f-881f-d44c69f948a8","2024-06-28T15:03:39.669","1","1","MAHARASHTRA"
true,"NDP","2024-06-28T15:03:39.669","1","1","3e75495d-2bfa-4610-8ab2-1f03ee85f205","2024-06-28T15:03:39.669","1","1","MAHARASHTRA"
true,"NDC","2024-06-28T15:03:39.67","1","1","3a69cc47-2255-44e7-a3af-3b739c61ec65","2024-06-28T15:03:39.67","1","1","MAHARASHTRA"
true,"SOL","2024-06-28T15:03:39.671","1","1","fe9939bf-d280-4f28-adfd-d098b01a9ece","2024-06-28T15:03:39.671","1","1","KARNATAKA, UTTAR PRADESH"
true,"DFX","2024-06-28T15:03:39.672","1","1","b237c854-2777-454c-b8c3-ea57481e9ff1","2024-06-28T15:03:39.672","1","1","TAMIL NADU"
true,"SPH","2024-06-28T15:03:39.673","1","1","8520a560-8321-4a49-a890-c6bab37399dc","2024-06-28T15:03:39.673","1","1","TAMIL NADU"
true,"GIT","2024-06-28T15:03:39.678","1","1","57912422-3a5b-46fe-a865-e659a1e99b2f","2024-06-28T15:03:39.678","1","1","DELHI"
true,"BLA","2024-06-28T15:03:39.678","1","1","6928c895-3866-4aef-946d-2cd448efa2b5","2024-06-28T15:03:39.678","1","1","DELHI"
true,"BLS","2024-06-28T15:03:39.679","1","1","b6231b5d-006a-4129-92d5-99e6341483d7","2024-06-28T15:03:39.679","1","1","DELHI"
true,"SMD","2024-06-28T15:03:39.68","1","1","b2102516-f74e-4ae3-bdd4-ffca7a1c7907","2024-06-28T15:03:39.68","1","1","MAHARASHTRA"
true,"ILI","2024-06-28T15:03:39.68","1","1","7433bbe6-e706-4a35-81bc-6775438422d1","2024-06-28T15:03:39.68","1","1","TAMIL NADU"
true,"AWL","2024-06-28T15:03:39.681","1","1","110b3eda-fe46-4743-a2b7-9644ebd5a5d2","2024-06-28T15:03:39.681","1","1","MAHARASHTRA"
true,"ZBT","2024-06-28T15:03:39.682","1","1","2015e9d0-706f-4b1d-b294-5196d44776fc","2024-06-28T15:03:39.682","1","1","GUJARAT"
true,"NOE","2024-06-28T15:03:39.683","1","1","15c66fb5-6903-4c44-b1bc-6077006905fb","2024-06-28T15:03:39.683","1","1","KARNATAKA"
true,"PPS","2024-06-28T15:03:39.683","1","1","d4c6ba4f-4f9e-4b14-8995-f6e2a301dce4","2024-06-28T15:03:39.683","1","1","UTTAR PRADESH"
true,"VPT","2024-06-28T15:03:39.684","1","1","16077bb4-4dd6-4634-ab12-7d5867b54a4e","2024-06-28T15:03:39.684","1","1","MAHARASHTRA"
true,"NEE","2024-06-28T15:03:39.685","1","1","0e544655-b72f-475b-b3aa-0e18f1398547","2024-06-28T15:03:39.685","1","1","TELANGANA"
true,"MRX","2024-06-28T15:03:39.686","1","1","ed88dc69-bc14-444c-82fd-33f838fe4519","2024-06-28T15:03:39.686","1","1","WEST BENGAL"
true,"DKL","2024-06-28T15:03:39.687","1","1","c31a8f7d-4271-4680-95e2-120e61306d25","2024-06-28T15:03:39.687","1","1","HARYANA"
true,"DKS","2024-06-28T15:03:39.687","1","1","1f24f043-62e6-4243-b26d-a0cfc1975d1c","2024-06-28T15:03:39.687","1","1","HARYANA"
true,"HNS","2024-06-28T15:03:39.688","1","1","32e6a8f7-dd22-4b0c-9eb6-6f24180c0a1c","2024-06-28T15:03:39.688","1","1","KARNATAKA"
true,"MRL","2024-06-28T15:03:39.688","1","1","a9ff0cb6-69fa-466b-ad2f-6e8c5f0a7e2d","2024-06-28T15:03:39.688","1","1","WEST BENGAL"
true,"NOV","2024-06-28T15:03:39.689","1","1","560dafe6-4af3-49c1-aa43-ee46609b66c7","2024-06-28T15:03:39.689","1","1","KARNATAKA"
true,"NOW","2024-06-28T15:03:39.69","1","1","3cccb108-ce38-4b35-9040-34eb32c30a80","2024-06-28T15:03:39.69","1","1","KARNATAKA"
true,"TRU","2024-06-28T15:03:39.69","1","1","e28dcf2a-9d29-43be-a561-92881611a8c6","2024-06-28T15:03:39.69","1","1","KARNATAKA"
true,"CLG","2024-06-28T15:03:39.691","1","1","0b7d30c4-9ddb-4b72-adc3-cd4538da2678","2024-06-28T15:03:39.691","1","1","ANDHRA PRADESH, ASSAM, BIHAR, CHANDIGARH, CHHATTISGARH, DELHI, GOA, GUJARAT, HARYANA, JHARKHAND, KARNATAKA, KERALA, MADHYA PRADESH, MAHARASHTRA, ORISSA, PUNJAB, RAJASTHAN, TAMIL NADU, TELANGANA, UTTAR PRADESH, UTTARAKHAND, WEST BENGAL"
true,"AIL","2024-06-28T15:03:39.692","1","1","dedce80d-a795-4400-ad3d-82c247f3c6a6","2024-06-28T15:03:39.692","1","1","KARNATAKA"
true,"BEP","2024-06-28T15:03:39.693","1","1","3e99ed05-833f-4a59-b8e8-240bbc4a8ad2","2024-06-28T15:03:39.693","1","1","HARYANA"
true,"CEL","2024-06-28T15:03:39.693","1","1","2d2ab78f-fe69-40b8-885d-47bc019957b2","2024-06-28T15:03:39.693","1","1","DAMAN & DIU, GUJARAT, KARNATAKA, MAHARASHTRA, UTTARAKHAND, WEST BENGAL, HARYANA"
true,"CHI","2024-06-28T15:03:39.694","1","1","5c8bccdd-83e9-4132-8b3d-1bc9ae4c3a2e","2024-06-28T15:03:39.694","1","1","HARYANA"
true,"LMI","2024-06-28T15:03:39.695","1","1","e057e4ca-e617-4efb-8fe1-b9e803281a0f","2024-06-28T15:03:39.695","1","1","UTTAR PRADESH"
true,"MVR","2024-06-28T15:03:39.695","1","1","ae50035a-2e1e-4302-9f53-771eeb616b4f","2024-06-28T15:03:39.695","1","1","UTTAR PRADESH"
true,"SPR","2024-06-28T15:03:39.696","1","1","f9919179-8955-4411-a25a-3b095a230156","2024-06-28T15:03:39.696","1","1","HARYANA"
true,"SWL","2024-06-28T15:03:39.697","1","1","7d08bf12-eec4-4d4d-94ca-185fef1d7a54","2024-06-28T15:03:39.697","1","1","HARYANA"
true,"BKF","2024-06-28T15:03:39.697","1","1","9ef4a42e-afb6-466e-920a-aed3842f51e0","2024-06-28T15:03:39.697","1","1","MAHARASHTRA"
true,"LWS","2024-06-28T15:03:39.698","1","1","8ddf3127-8ec9-483b-ba7d-7e13e41d4073","2024-06-28T15:03:39.698","1","1","MAHARASHTRA"
true,"SPL","2024-06-28T15:03:39.699","1","1","9d8b257c-a883-4172-a018-260b6ef5aad9","2024-06-28T15:03:39.699","1","1","UTTAR PRADESH"
true,"AKE","2024-06-28T15:03:39.7","1","1","ebb869d5-63be-48d6-bf67-3664ea9dd827","2024-06-28T15:03:39.7","1","1","UTTAR PRADESH"
true,"RFL","2024-06-28T15:03:39.701","1","1","fe497bf0-e13f-48a7-b8ca-e5f94e0723f8","2024-06-28T15:03:39.701","1","1","GUJARAT"
true,"FPA","2024-06-28T15:03:39.702","1","1","3e65a890-a2ae-4c4d-aa93-17d804a15d0c","2024-06-28T15:03:39.702","1","1","HARYANA"
true,"FPT","2024-06-28T15:03:39.702","1","1","d40791f7-913c-4069-a3ee-6cd74f7f6e14","2024-06-28T15:03:39.702","1","1","HARYANA"
true,"ABM","2024-06-28T15:03:39.703","1","1","d00b7e90-25e6-4382-862e-9155989fc08a","2024-06-28T15:03:39.703","1","1","KARNATAKA"
true,"MTD","2024-06-28T15:03:39.704","1","1","38b032cb-98ca-4ece-b9a7-0d44e85987a9","2024-06-28T15:03:39.704","1","1","KARNATAKA"
true,"LOS","2024-06-28T15:03:39.704","1","1","d5c3f439-4f2a-4bde-b7d6-05afb17f79c2","2024-06-28T15:03:39.704","1","1","MAHARASHTRA"
true,"LIT","2024-06-28T15:03:39.705","1","1","f374eacb-a96a-4da2-87d0-0c10290c00a6","2024-06-28T15:03:39.705","1","1","MAHARASHTRA"
true,"WAR","2024-06-28T15:03:39.706","1","1","6450493e-b802-4c37-9e3a-3d875790919a","2024-06-28T15:03:39.706","1","1","DELHI"
true,"XIS","2024-06-28T15:03:39.706","1","1","38d9d917-77cd-4594-a3fb-7b2edd7858db","2024-06-28T15:03:39.706","1","1","KARNATAKA, MAHARASHTRA"
true,"DLA","2024-06-28T15:03:39.707","1","1","87ae1417-1962-403d-bfa5-55837e6493ff","2024-06-28T15:03:39.707","1","1","KARNATAKA"
true,"DLS","2024-06-28T15:03:39.708","1","1","ca94e1be-1fd7-45a9-92d5-0968eca1f4dc","2024-06-28T15:03:39.708","1","1","KARNATAKA"
true,"SOS","2024-06-28T15:03:39.708","1","1","74bff2e0-2492-4c65-a119-1328209e3518","2024-06-28T15:03:39.708","1","1","HARYANA"
true,"SEB","2024-06-28T15:03:39.709","1","1","0e0b83bf-6581-4f9e-b714-8f40da662b72","2024-06-28T15:03:39.709","1","1","WEST BENGAL"
true,"WAS","2024-06-28T15:03:39.709","1","1","da8ee972-836e-4775-a878-a80a9c3e4c58","2024-06-28T15:03:39.709","1","1","KARNATAKA"
true,"RC4","2024-06-28T15:03:39.71","1","1","3fce9929-8b30-453f-ac6c-d7e13aaffae9","2024-06-28T15:03:39.71","1","1","KARNATAKA"
true,"FUL","2024-06-28T15:03:39.711","1","1","c4124c35-bed2-4c10-bd02-24a3cc627902","2024-06-28T15:03:39.711","1","1","MAHARASHTRA"
true,"RC3","2024-06-28T15:03:39.711","1","1","081a2bcb-8fc6-441f-aab4-97872b41b616","2024-06-28T15:03:39.711","1","1","KARNATAKA"
true,"Amazon","2024-06-28T15:03:39.712","1","1","fcb14a86-0e14-4c28-8601-668601e922bb","2024-06-28T15:03:39.712","1","1","KARNATAKA"
true,"SPRT","2024-06-28T15:03:39.713","1","1","d4166ad6-3fe0-47ae-bacd-ce8e0db0b173","2024-06-28T15:03:39.713","1","1","KARNATAKA"
true,"Samsung","2024-06-28T15:03:39.714","1","1","6907d9e8-e3a0-43bd-8b0d-cddb9adaa158","2024-06-28T15:03:39.714","1","1","KARNATAKA"
true,"PIT","2024-06-28T15:03:39.714","1","1","82dfc8e4-3ae3-4d41-a57a-79d21ec5014c","2024-06-28T15:03:39.714","1","1","DELHI"
true,"FGY","2024-06-28T15:03:39.715","1","1","f56f7e1d-9dad-4402-b159-28cfea89ebc7","2024-06-28T15:03:39.715","1","1","KARNATAKA"
true,"ADD","2024-06-28T15:03:39.716","1","1","38050237-5e1b-4816-9f67-58f969e8e85b","2024-06-28T15:03:39.716","1","1","UTTAR PRADESH"
true,"FUR","2024-06-28T15:03:39.716","1","1","5c77b6c9-778b-49cb-88c4-f8cbff753b6c","2024-06-28T15:03:39.716","1","1","MAHARASHTRA"
true,"OML","2024-06-28T15:03:39.717","1","1","a87a4677-2b1c-4692-b903-4b3c06c1e8f9","2024-06-28T15:03:39.717","1","1","GUJARAT"
true,"KXP","2024-06-28T15:03:39.718","1","1","c7dbe75a-651e-4725-9ab8-a9e1132fdc5f","2024-06-28T15:03:39.718","1","1","MAHARASHTRA"
true,"PPL","2024-06-28T15:03:39.719","1","1","9603f74a-6978-466d-a697-594bf79745d4","2024-06-28T15:03:39.719","1","1","UTTAR PRADESH"
true,"DLH","2024-06-28T15:03:39.719","1","1","0efd5683-f7ee-4a98-ac46-179e83e86975","2024-06-28T15:03:39.719","1","1","KARNATAKA"
true,"RFR","2024-06-28T15:03:39.72","1","1","c67aa1a1-18f5-4175-b9ef-515634d6d532","2024-06-28T15:03:39.72","1","1","GUJARAT"
true,"CUH","2024-06-28T15:03:39.721","1","1","b717b9f0-1b4b-4ba0-8d18-a47cae5f211b","2024-06-28T15:03:39.721","1","1","KARNATAKA"
true,"FPS","2024-06-28T15:03:39.722","1","1","4194f2f4-020c-46dc-84f7-b4b5e3545d7d","2024-06-28T15:03:39.722","1","1","HARYANA"
true,"FPL","2024-06-28T15:03:39.723","1","1","955c933d-c137-4067-9934-a1a03b7993c4","2024-06-28T15:03:39.723","1","1","HARYANA"
true,"MRC","2024-06-28T15:03:39.723","1","1","f2b97c66-ae4d-44c8-b6f2-a9abd7c8d1da","2024-06-28T15:03:39.723","1","1","HARYANA"
true,"ANT","2024-06-28T15:03:39.724","1","1","7a2650bf-4ab8-4957-9bed-7bdef40b847c","2024-06-28T15:03:39.724","1","1","HARYANA"
true,"ANL","2024-06-28T15:03:39.725","1","1","7f2f32b1-d0b9-4829-9fff-07c86f85e24d","2024-06-28T15:03:39.725","1","1","HARYANA"
true,"ASO","2024-06-28T15:03:39.726","1","1","72e7130b-8a87-4f11-b2a0-223349d55fdb","2024-06-28T15:03:39.726","1","1","HARYANA"
true,"COR","2024-06-28T15:03:39.727","1","1","c2d3d936-05f8-4f70-b745-6c835abfcc7e","2024-06-28T15:03:39.727","1","1","KARNATAKA"
true,"HHS","2024-06-28T15:03:39.728","1","1","9baad3b5-d5dd-4e42-a220-21824f11d1c0","2024-06-28T15:03:39.728","1","1","HARYANA"
true,"MIN","2024-06-28T15:03:39.728","1","1","e80471c6-1c01-47a1-ad64-00996d45c553","2024-06-28T15:03:39.728","1","1","GUJARAT"
true,"PBB","2024-06-28T15:03:39.729","1","1","035cd24f-050e-493f-aa55-1440a0ff5f58","2024-06-28T15:03:39.729","1","1","KARNATAKA"
true,"RAD","2024-06-28T15:03:39.73","1","1","8130350c-5b37-47f9-8d63-59e7cff5db0c","2024-06-28T15:03:39.73","1","1","HARYANA"
true,"SHB","2024-06-28T15:03:39.731","1","1","6027cb77-677b-4fd1-a23b-a0071eeba377","2024-06-28T15:03:39.731","1","1","HARYANA"
true,"STL","2024-06-28T15:03:39.732","1","1","a3f61c17-b77d-4c5f-acda-3ac5ff346f8a","2024-06-28T15:03:39.732","1","1","HARYANA"
true,"SPO","2024-06-28T15:03:39.733","1","1","7248050f-11b3-4e77-aadf-b173a8b76572","2024-06-28T15:03:39.733","1","1","HARYANA"
true,"SHL","2024-06-28T15:03:39.733","1","1","1897f6ea-3c5f-4c05-b2f4-91bdea87a111","2024-06-28T15:03:39.733","1","1","HARYANA"
true,"MSS","2024-06-28T15:03:39.734","1","1","c9d96d31-fb3b-4eea-a0e0-c8c5d7408515","2024-06-28T15:03:39.734","1","1","TELANGANA"
true,"SFT","2024-06-28T15:03:39.735","1","1","9433ee04-b4a4-41cb-a207-64569161e35f","2024-06-28T15:03:39.735","1","1","TELANGANA"
true,"ATL","2024-06-28T15:03:39.736","1","1","f9c6a264-0e8a-434d-95a1-c78d3b90bdd8","2024-06-28T15:03:39.736","1","1","MAHARASHTRA"
true,"GRA","2024-06-28T15:03:39.737","1","1","e6ddb789-e24b-4723-acdc-2647b3f64786","2024-06-28T15:03:39.737","1","1","DELHI"
true,"SHU","2024-06-28T15:03:39.738","1","1","d9bae3cc-b959-4c33-b950-426d038afe1e","2024-06-28T15:03:39.738","1","1","BIHAR"
true,"FLY","2024-06-28T15:03:39.738","1","1","55f9cd04-864d-4211-9dca-5833911965c7","2024-06-28T15:03:39.738","1","1","GUJARAT"
true,"ARO","2024-06-28T15:03:39.739","1","1","21de8232-9e22-47f7-8bbf-b3988eadb7df","2024-06-28T15:03:39.739","1","1","KARNATAKA"
true,"LFS","2024-06-28T15:03:39.74","1","1","da2b39ef-2c6b-4bda-8c02-961336e42d52","2024-06-28T15:03:39.74","1","1","KARNATAKA"
true,"SPC","2024-06-28T15:03:39.741","1","1","b830aa80-42f1-4330-aa09-50743bf69276","2024-06-28T15:03:39.741","1","1","UTTAR PRADESH"
true,"HCG","2024-06-28T15:03:39.741","1","1","3675c225-df57-4348-8d01-20d2bf0599ad","2024-06-28T15:03:39.741","1","1","KARNATAKA"
true,"SAM","2024-06-28T15:03:39.743","1","1","352f4dbf-db61-4de5-972b-e9a169a74279","2024-06-28T15:03:39.743","1","1","KARNATAKA"
true,"AJM","2024-06-28T15:03:39.743","1","1","30c78a32-4dfe-425e-8157-78626e631841","2024-06-28T15:03:39.743","1","1","WEST BENGAL"
true,"MNA","2024-06-28T15:03:39.744","1","1","d28c168f-ad66-40ac-a0f5-4807b8958709","2024-06-28T15:03:39.744","1","1","HARYANA"
true,"PUN","2024-06-28T15:03:39.745","1","1","5d43aa99-3a82-4da8-9ad8-369b07eeeb4b","2024-06-28T15:03:39.745","1","1","DELHI"
true,"MPD","2024-06-28T15:03:39.746","1","1","029ef4c1-4749-4866-9406-ee06286326ce","2024-06-28T15:03:39.746","1","1","MAHARASHTRA"
true,"JSS","2024-06-28T15:03:39.746","1","1","1cd396c3-96c2-49b7-a43e-18e558eed169","2024-06-28T15:03:39.746","1","1","DELHI"
true,"SAE","2024-06-28T15:03:39.747","1","1","447be79b-47ee-44ec-a32c-13096754bfbf","2024-06-28T15:03:39.747","1","1","DELHI"
true,"TOP","2024-06-28T15:03:39.748","1","1","8dd1ffab-611a-4e0e-b802-daa04375956b","2024-06-28T15:03:39.748","1","1","DELHI"
true,"EOP","2024-06-28T15:03:39.749","1","1","1a82109e-4e01-4537-b01c-693cc7c87f86","2024-06-28T15:03:39.749","1","1","MAHARASHTRA"
true,"GJL","2024-06-28T15:03:39.75","1","1","687f0b07-efc3-459d-b613-50868dc404bb","2024-06-28T15:03:39.75","1","1","MAHARASHTRA"
true,"ABF","2024-06-28T15:03:39.75","1","1","a723aa80-1d8c-410c-898e-e4af4432ec69","2024-06-28T15:03:39.75","1","1","KARNATAKA"
true,"IOI","2024-06-28T15:03:39.751","1","1","2ea4c5e2-2d99-4f22-be6f-509a2c852da1","2024-06-28T15:03:39.751","1","1","DELHI"
true,"SSH","2024-06-28T15:03:39.752","1","1","33e7ff69-3df5-4e52-916c-46ef629e0275","2024-06-28T15:03:39.752","1","1","WEST BENGAL"
true,"BIG","2024-06-28T15:03:39.753","1","1","ac587623-9d15-4216-bb7d-9b55b0cd003f","2024-06-28T15:03:39.753","1","1","DELHI"
true,"CSA","2024-06-28T15:03:39.753","1","1","e3a7ede6-b4e7-4b0c-987a-7165bb8dd2ee","2024-06-28T15:03:39.753","1","1","KARNATAKA"
true,"STN","2024-06-28T15:03:39.754","1","1","a11df82d-f4c3-473d-bd38-f66abd87c4bc","2024-06-28T15:03:39.754","1","1","UTTAR PRADESH"
true,"SWA","2024-06-28T15:03:39.755","1","1","d2ee59f9-977a-4d12-9da6-073d6d1fc337","2024-06-28T15:03:39.755","1","1","GUJARAT"
true,"TFD","2024-06-28T15:03:39.756","1","1","d470fa18-8008-4321-8fe1-b556678f712b","2024-06-28T15:03:39.756","1","1","UTTAR PRADESH"
true,"TPX","2024-06-28T15:03:39.757","1","1","b2c2c3ff-5f00-4323-9bbc-beeba98ac758","2024-06-28T15:03:39.757","1","1","DELHI"
true,"ALS","2024-06-28T15:03:39.757","1","1","5955a374-572a-4708-bcfd-cc496b5af88d","2024-06-28T15:03:39.757","1","1","MAHARASHTRA"
true,"ALT","2024-06-28T15:03:39.758","1","1","d6d62e89-ff09-4500-9916-866a65857b98","2024-06-28T15:03:39.758","1","1","MAHARASHTRA"
true,"BES","2024-06-28T15:03:39.759","1","1","b6f13922-bdfc-4f44-9625-765ef96138e6","2024-06-28T15:03:39.759","1","1","MAHARASHTRA, HARYANA"
true,"BSL","2024-06-28T15:03:39.759","1","1","d7eb1a51-e12e-436c-b570-9cfc9f920f4b","2024-06-28T15:03:39.759","1","1","DELHI"
true,"BUI","2024-06-28T15:03:39.76","1","1","a23da7dc-5a72-4fd8-ba6f-1845acddc39a","2024-06-28T15:03:39.76","1","1","MAHARASHTRA, HARYANA"
true,"ONL","2024-06-28T15:03:39.761","1","1","2643f9a9-5267-4662-9cd9-84f8371c6bad","2024-06-28T15:03:39.761","1","1","MAHARASHTRA, HARYANA"
true,"SAB","2024-06-28T15:03:39.761","1","1","b55fe8c5-a942-480e-a62d-3b5701e8b09f","2024-06-28T15:03:39.761","1","1","MAHARASHTRA, HARYANA, KARNATAKA, TELANGANA, WEST BENGAL"
true,"SEL","2024-06-28T15:03:39.762","1","1","7e2d483d-869d-46ae-b5ca-55adc9dfc675","2024-06-28T15:03:39.762","1","1","MAHARASHTRA, HARYANA"
true,"VER","2024-06-28T15:03:39.763","1","1","16d45075-b763-4352-9d58-c7bdd1c3c895","2024-06-28T15:03:39.763","1","1","MAHARASHTRA, HARYANA"
true,"ESB","2024-06-28T15:03:39.764","1","1","21578290-83c2-4e6d-8032-982d5fa8f305","2024-06-28T15:03:39.764","1","1","HARYANA"
true,"CRO","2024-06-28T15:03:39.765","1","1","3937f18f-936a-458d-9a79-9136ac0b66af","2024-06-28T15:03:39.765","1","1","MAHARASHTRA"
true,"GIS","2024-06-28T15:03:39.765","1","1","8b7bb5b3-f374-4ade-8a2b-f532fbe372fc","2024-06-28T15:03:39.765","1","1","HARYANA"
true,"ANV","2024-06-28T15:03:39.766","1","1","ca4ca2c5-8a09-4c7c-9e56-275fe0255767","2024-06-28T15:03:39.766","1","1","HARYANA"
true,"ACM","2024-06-28T15:03:39.767","1","1","bc5b99da-7df5-458d-8847-22aaffc0da30","2024-06-28T15:03:39.767","1","1","TAMIL NADU"
true,"RUD","2024-06-28T15:03:39.768","1","1","6323e35a-123a-451d-bda7-87b89d958c18","2024-06-28T15:03:39.768","1","1","UTTAR PRADESH"
true,"MEE","2024-06-28T15:03:39.769","1","1","30366906-0c7b-496e-97e8-372201f4ae82","2024-06-28T15:03:39.769","1","1","PUNJAB"
true,"MOS","2024-06-28T15:03:39.771","1","1","61cadc3d-b155-4056-801f-be2be5b7d8ed","2024-06-28T15:03:39.771","1","1","MAHARASHTRA"
true,"REP","2024-06-28T15:03:39.771","1","1","d9318dd5-bbf4-42ad-8b36-af61015e0fed","2024-06-28T15:03:39.771","1","1","MAHARASHTRA"
true,"CRM","2024-06-28T15:03:39.772","1","1","4789a3a8-c6f3-4021-abec-3141e9e2dc25","2024-06-28T15:03:39.772","1","1","MAHARASHTRA"
true,"TOS","2024-06-28T15:03:39.773","1","1","c492d9bd-0544-413e-8983-063e3bfebb1d","2024-06-28T15:03:39.773","1","1","HARYANA"
true,"AMI","2024-06-28T15:03:39.774","1","1","2fc98ba8-4c30-428b-ab24-df471a17675b","2024-06-28T15:03:39.774","1","1","HARYANA, MAHARASHTRA, KARNATAKA, TELANGANA, WEST BENGAL"
true,"BST","2024-06-28T15:03:39.775","1","1","0cfaf046-3b7a-46b6-ad32-355c9de7b2a5","2024-06-28T15:03:39.775","1","1","KARNATAKA"
true,"SRL","2024-06-28T15:03:39.776","1","1","42f87a6e-d810-446f-95d0-afc701c26008","2024-06-28T15:03:39.776","1","1","HARYANA"
true,"DSN","2024-06-28T15:03:39.777","1","1","13b6c691-5715-45f4-a336-919518985e8a","2024-06-28T15:03:39.777","1","1","TELANGANA"
true,"ATN","2024-06-28T15:03:39.777","1","1","1d3ade14-d4d7-446a-95ad-1e9cc66280e2","2024-06-28T15:03:39.777","1","1","HARYANA"
true,"FLS","2024-06-28T15:03:39.778","1","1","e6875d96-81e4-4155-abfe-f59fa5a9a9aa","2024-06-28T15:03:39.778","1","1","MAHARASHTRA"
true,"SHT","2024-06-28T15:03:39.779","1","1","10bec096-ed6c-4b00-bab0-6be787afad7f","2024-06-28T15:03:39.779","1","1","HARYANA"
true,"PSS","2024-06-28T15:03:39.78","1","1","51b7b870-9a5b-4c03-bbc9-8c6e6fa951c6","2024-06-28T15:03:39.78","1","1","DELHI"
true,"PSB","2024-06-28T15:03:39.78","1","1","40edf90d-fb6b-43ea-891e-2977e0a3568b","2024-06-28T15:03:39.78","1","1","DELHI"
true,"LKH","2024-06-28T15:03:39.781","1","1","d8d16d1a-da61-49a5-82dc-4792bed6f1ea","2024-06-28T15:03:39.781","1","1","TAMIL NADU"
true,"LIV","2024-06-28T15:03:39.782","1","1","ca276dcc-82a1-4f1b-ad47-dea3f7461689","2024-06-28T15:03:39.782","1","1","HARYANA"
true,"SRS","2024-06-28T15:03:39.783","1","1","18362fc7-17ad-4e8b-bde9-8d275a7b7bff","2024-06-28T15:03:39.783","1","1","HARYANA"
true,"SRA","2024-06-28T15:03:39.783","1","1","23713ccb-66a7-4cfa-a0ff-5b2d0d2f7baa","2024-06-28T15:03:39.783","1","1","HARYANA"
true,"KKR","2024-06-28T15:03:39.784","1","1","bbc9d920-b1b5-498f-876a-02956c381977","2024-06-28T15:03:39.784","1","1","HARYANA"
true,"BSR","2024-06-28T15:03:39.785","1","1","cf484a26-6715-4852-b7e0-e67aef70d03b","2024-06-28T15:03:39.785","1","1","HARYANA"
true,"EPS","2024-06-28T15:03:39.786","1","1","4ccf6534-d9b9-440c-8cd7-ff8e07e95f19","2024-06-28T15:03:39.786","1","1","HARYANA"
true,"FAS","2024-06-28T15:03:39.787","1","1","2661cf63-c067-4df6-90ef-527654d88de4","2024-06-28T15:03:39.787","1","1","RAJASTHAN"
true,"GOD","2024-06-28T15:03:39.787","1","1","e0eba4c5-65af-438a-8523-67750702d452","2024-06-28T15:03:39.787","1","1","ANDHRA PRADESH, KARNATAKA, SIKKIM, TELANGANA, UTTAR PRADESH, UTTARAKHAND, WEST BENGAL, MAHARASHTRA"
true,"GRE","2024-06-28T15:03:39.788","1","1","92150d01-45f4-45f2-b0c7-c317afc2671c","2024-06-28T15:03:39.788","1","1","UTTAR PRADESH"
true,"ACN","2024-06-28T15:03:39.789","1","1","072d39fb-77e0-4b7d-b024-b9fd8d4d1622","2024-06-28T15:03:39.789","1","1","TAMIL NADU"
true,"ITS","2024-06-28T15:03:39.79","1","1","109304c6-5fe1-42af-a083-32eca6771545","2024-06-28T15:03:39.79","1","1","KARNATAKA"
true,"MDD","2024-06-28T15:03:39.79","1","1","74cc675d-8de7-4c24-99ad-312e1d85c7bc","2024-06-28T15:03:39.79","1","1","BIHAR"
true,"ALK","2024-06-28T15:03:39.791","1","1","0fa495af-aa8e-48e8-8ee4-fdfa07bf470b","2024-06-28T15:03:39.791","1","1","TELANGANA"
true,"FAB","2024-06-28T15:03:39.792","1","1","07eee068-3831-4468-b807-c6e8915eaf47","2024-06-28T15:03:39.792","1","1","UTTAR PRADESH"
true,"MSK","2024-06-28T15:03:39.793","1","1","5ba52ddf-e69c-4b1b-b1a1-bed7dc19b9e9","2024-06-28T15:03:39.793","1","1","PUNJAB"
true,"JOP","2024-06-28T15:03:39.794","1","1","78c8160d-1c84-40e2-b36e-ef2f982266c2","2024-06-28T15:03:39.794","1","1","HARYANA"
true,"SIR","2024-06-28T15:03:39.795","1","1","8239f6e9-dd47-47af-8098-139253fc494d","2024-06-28T15:03:39.795","1","1","KARNATAKA, MAHARASHTRA, HARYANA, TELANGANA, WEST BENGAL"
true,"SYS","2024-06-28T15:03:39.796","1","1","0d17bd1d-1ba5-4754-88bf-21f00477b363","2024-06-28T15:03:39.796","1","1","KARNATAKA, MAHARASHTRA, HARYANA, TELANGANA"
true,"MCN","2024-06-28T15:03:39.796","1","1","798a68a2-da8c-4855-84f4-a652666e82e3","2024-06-28T15:03:39.796","1","1","WEST BENGAL"
true,"BTN","2024-06-28T15:03:39.797","1","1","8e8be4e3-5f7f-481d-83b6-298c4d87d4c9","2024-06-28T15:03:39.797","1","1","KERALA"
true,"BNN","2024-06-28T15:03:39.798","1","1","16cec7be-45e9-4c3d-ab8b-479e84a7968f","2024-06-28T15:03:39.798","1","1","KARNATAKA"
true,"RTA","2024-06-28T15:03:39.798","1","1","202b54eb-b58b-4d55-b665-94f06dc143d0","2024-06-28T15:03:39.798","1","1","HARYANA"
true,"SHO","2024-06-28T15:03:39.799","1","1","ec62d68f-1913-431b-9ef9-fa82aa5ba11f","2024-06-28T15:03:39.799","1","1","HARYANA"
true,"TRY","2024-06-28T15:03:39.8","1","1","4df4b38f-848a-4e6d-9825-fb612309b046","2024-06-28T15:03:39.8","1","1","GUJARAT"
true,"FEN","2024-06-28T15:03:39.8","1","1","6b367481-e049-420a-92ff-bff02f388a93","2024-06-28T15:03:39.8","1","1","DELHI"
true,"ALH","2024-06-28T15:03:39.801","1","1","611a8762-35a0-403d-849b-c6b5670baa14","2024-06-28T15:03:39.801","1","1","MAHARASHTRA"
true,"BBT","2024-06-28T15:03:39.802","1","1","8216ce2b-afe9-48a3-83f3-73a52f4bdf0c","2024-06-28T15:03:39.802","1","1","TELANGANA"
true,"RAP","2024-06-28T15:03:39.803","1","1","490aecb7-5962-407c-afec-b123cbae1933","2024-06-28T15:03:39.803","1","1","DELHI"
true,"RPS","2024-06-28T15:03:39.803","1","1","3d7dd81d-d179-4d95-9b33-d93900af6fd0","2024-06-28T15:03:39.803","1","1","DELHI"
true,"EXP","2024-06-28T15:03:39.804","1","1","b70f1cb2-dc9f-4244-b7e6-4979e31d352d","2024-06-28T15:03:39.804","1","1","KARNATAKA"
true,"TEE","2024-06-28T15:03:39.805","1","1","6cdae2fa-9d2d-4fc9-ad9a-5fb38c648c3e","2024-06-28T15:03:39.805","1","1","KARNATAKA"
true,"ICY","2024-06-28T15:03:39.805","1","1","76c38017-af9d-4600-9161-58e2061fcb04","2024-06-28T15:03:39.805","1","1","KARNATAKA"
true,"ETN","2024-06-28T15:03:39.806","1","1","9549fb34-79a3-49d5-91b7-0ead28695ac6","2024-06-28T15:03:39.806","1","1","ASSAM"
true,"BNB","2024-06-28T15:03:39.807","1","1","6dab41b0-4292-4377-87c7-93ee8936876d","2024-06-28T15:03:39.807","1","1","TAMIL NADU"
true,"THP","2024-06-28T15:03:39.808","1","1","fa1a3a9f-dc00-40f7-8730-1913a5344fb8","2024-06-28T15:03:39.808","1","1","CHHATTISGARH"
true,"TDN","2024-06-28T15:03:39.809","1","1","d00b75d5-9aa1-4e6c-97d4-925b1c5b50af","2024-06-28T15:03:39.809","1","1","HARYANA"
true,"BKC","2024-06-28T15:03:39.811","1","1","b0b3a8e8-ca70-426c-8c8b-0e84d085d247","2024-06-28T15:03:39.811","1","1","HARYANA"
true,"VNV","2024-06-28T15:03:39.811","1","1","87197e75-48b6-4cfa-8702-1bd67042bab8","2024-06-28T15:03:39.811","1","1","DELHI,KARNATAKA,HARYANA,MAHARASHTRA"
true,"SCR","2024-06-28T15:03:39.812","1","1","76fb1209-f882-4d12-9766-b36e55389e2f","2024-06-28T15:03:39.812","1","1","KARNATAKA,UTTAR PRADESH"
true,"TOC","2024-06-28T15:03:39.813","1","1","3c09947e-2a15-4f47-8e13-eabe241dd577","2024-06-28T15:03:39.813","1","1","KARNATAKA"
true,"TST","2024-06-28T15:03:39.813","1","1","dc82940a-b6c3-4fc5-8c51-2c49c5989fdc","2024-06-28T15:03:39.813","1","1","KARNATAKA"
true,"TSA","2024-06-28T15:03:39.816","1","1","64217819-1461-4210-a101-dd19419deab9","2024-06-28T15:03:39.816","1","1","KARNATAKA"
true,"SPK","2024-06-28T15:03:39.817","1","1","7163c750-5149-4809-b2d8-0b2a43cff919","2024-06-28T15:03:39.817","1","1","MAHARASHTRA"
true,"ULN","2024-06-28T15:03:39.818","1","1","1a82308e-f60a-4ec2-b197-7838b574034c","2024-06-28T15:03:39.818","1","1","ODISHA"
true,"SAW","2024-06-28T15:03:39.819","1","1","ba8d9100-e0e7-407e-abe3-169eb0b0c749","2024-06-28T15:03:39.819","1","1","MAHARASHTRA,DELHI,KARNATAKA,WEST BENGAL"
true,"RVN","2024-06-28T15:03:39.82","1","1","ba72f65b-8db3-45fc-9b00-da6c8e0a8838","2024-06-28T15:03:39.82","1","1","DELHI"
true,"KCN","2024-06-28T15:03:39.821","1","1","398d7198-456a-43bd-9336-830c114210e6","2024-06-28T15:03:39.821","1","1","WEST BENGAL"
true,"FLR","2024-06-28T15:03:39.821","1","1","a4bff183-a021-4a75-b02d-77a377bb1f4e","2024-06-28T15:03:39.821","1","1","KERALA"
true,"SHP","2024-07-11T05:40:30.301","1","1","1400a8a5-d461-4449-bd5b-a82beb23a983","2024-07-11T05:40:30.301","1","1","HARYANA"
true,"CMA","2024-07-11T05:40:30.305","1","1","4891ce6b-eb8a-426a-829f-62a2be799d02","2024-07-11T05:40:30.305","1","1","UTTAR PRADESH"
true,"TMG","2024-07-26T08:30:36.432","1","1","8df4be5a-552d-45f6-b04c-832d964f5c7c","2024-07-26T08:30:36.432","1","1","HARYANA"
true,"EZY","2024-07-26T08:30:36.442","1","1","1e5d6896-2f9e-465c-a21f-efb8e4d66212","2024-07-26T08:30:36.442","1","1","WEST BENGAL"
true,"ATM","2024-07-26T08:30:36.444","1","1","1cd6d8b1-9918-4c94-afef-2cf66aea417a","2024-07-26T08:30:36.444","1","1","MAHARASHTRA"
true,"HSW","2024-07-26T08:30:36.444","1","1","072d1510-817f-43b5-84a9-c94c632cd05e","2024-07-26T08:30:36.444","1","1","KARNATAKA"
true,"EMS","2024-07-26T08:30:36.445","1","1","c6dcff8a-10c4-4f15-ad5f-d535bcf6aa17","2024-07-26T08:30:36.445","1","1","MADHYA PRADESH"
true,"VLF","2024-07-26T08:30:36.447","1","1","a48bdeca-69f9-4576-a510-effce7f429a2","2024-07-26T08:30:36.447","1","1","DELHI"
true,"REN","2024-07-26T08:30:36.447","1","1","5305e941-b6f2-4427-b2e3-dcb3f6b40a79","2024-07-26T08:30:36.447","1","1","GUJARAT"
true,"DSR","2024-07-26T08:30:36.448","1","1","9d9a167e-8c20-42ce-9d18-d4d488b6ad27","2024-07-26T08:30:36.448","1","1","HARYANA"
true,"SSR","2024-07-26T08:30:36.449","1","1","dbe70486-c38a-4188-bd11-ec77837a6f34","2024-07-26T08:30:36.449","1","1","HARYANA"
true,"UNX","2024-07-26T08:30:36.45","1","1","65455ee0-6333-464c-b24b-859f77abca54","2024-07-26T08:30:36.45","1","1","HARYANA"
true,"MED","2024-07-26T16:37:17.935","1","1","2758f9bc-2519-480d-9a22-20bac17ce5a4","2024-07-26T16:37:17.935","1","1","TELANGANA"
true,"MLO","2024-07-26T16:37:17.945","1","1","e8afef50-28e8-4427-87bc-9b999f5b5fe9","2024-07-26T16:37:17.945","1","1","KARNATAKA"
true,"CML","2024-07-26T16:37:17.946","1","1","e6babf9f-fe3c-4f3d-a971-0bc60a6293c8","2024-07-26T16:37:17.946","1","1","HARYANA"
true,"NAA","2024-07-26T16:37:17.947","1","1","3ca370c7-5adf-4826-ab09-34ab5ef36403","2024-07-26T16:37:17.948","1","1","MAHARASHTRA"
true,"FXL","2024-07-26T16:37:17.949","1","1","e600f9c7-5203-43f8-b037-7fc862256562","2024-07-26T16:37:17.949","1","1","MAHARASHTRA"
true,"SLD","2024-07-11T06:42:06.237","1","1","d8e2f63c-a70a-408a-8456-57cc11e137a0","2024-08-07T05:11:53.39","1","1","MAHARASHTRA,HARYANA"
true,"MPS","2024-08-26T17:25:19.147","1","1","d93230cb-95d5-4842-a0c5-77c9155a624c","2024-08-26T17:25:19.147","1","1","UTTAR PRADESH"
true,"UCN","2024-08-26T17:25:19.189","1","1","210b16d3-0214-48f9-98c2-7f8f424c0f2a","2024-08-26T17:25:19.189","1","1","WEST BENGAL"
true,"SPD","2024-08-26T17:25:19.191","1","1","0cf0d07e-49f8-4b0b-a2ac-43c44bfd6687","2024-08-26T17:25:19.191","1","1","MADHYA PRADESH"
true,"SNV","2024-08-26T17:25:19.193","1","1","7acd4b5b-7aed-43f0-bef3-9c36ade92bc5","2024-08-26T17:25:19.193","1","1","MAHARASHTRA"
true,"PIK","2024-08-26T17:25:19.194","1","1","29d448a3-7ab8-45b8-9871-bba2b85fd7f9","2024-08-26T17:25:19.194","1","1","DELHI"
true,"WRN","2024-08-26T17:25:19.197","1","1","44990037-db6f-4e64-96bb-3fcbb883133e","2024-08-26T17:25:19.197","1","1","KARNATAKA"
true,"HIP","2024-08-26T17:25:19.198","1","1","6ed5d1aa-34f5-4d5d-928f-20da71e6def2","2024-08-26T17:25:19.198","1","1","KARNATAKA"
true,"XPM","2024-08-26T17:25:19.2","1","1","795d720d-4e3e-4bb6-ad39-ae35eecdbf7c","2024-08-26T17:25:19.2","1","1","HARYANA"
true,"ARN","2024-08-26T17:25:19.202","1","1","d3b8d208-fdac-4d2d-b2cd-ce510088828f","2024-08-26T17:25:19.202","1","1","UTTAR PRADESH"
true,"GSD","2024-08-26T17:25:19.203","1","1","ef802ca2-5446-4fc6-bc0a-603034924c60","2024-08-26T17:25:19.203","1","1","KARNATAKA"
true,"TFL","2024-08-26T17:25:19.204","1","1","aa3aaa5b-db9c-4e8e-ba9f-79916ae4059c","2024-08-26T17:25:19.204","1","1","MAHARASHTRA"
true,"NAN","2024-08-26T17:25:19.206","1","1","955dc73d-835f-4719-9c48-d2601771e6bb","2024-08-26T17:25:19.206","1","1","MAHARASHTRA"
true,"DRM","2024-08-26T17:25:19.207","1","1","cfcbe2da-62b8-4d6b-94a1-d2edfa53eb62","2024-08-26T17:25:19.207","1","1","GUJARAT"
true,"LON","2024-08-26T17:25:19.209","1","1","a2ceb626-4192-4ce9-b95d-5329a35ce578","2024-08-26T17:25:19.209","1","1","HARYANA"
true,"TDA","2024-08-26T17:25:19.21","1","1","e6c79e35-e97f-4e3d-ba54-5c74e92afb58","2024-08-26T17:25:19.21","1","1","MAHARASHTRA"
true,"EMN","2024-08-26T17:25:19.211","1","1","3551b847-7271-4966-8ddf-5e48160bfd42","2024-08-26T17:25:19.211","1","1","HARYANA"
true,"KNS","2024-08-26T17:25:19.213","1","1","140667bd-a0bb-4e44-8242-a714abd413da","2024-08-26T17:25:19.213","1","1","MAHARASHTRA"
true,"MRT","2024-08-26T17:25:19.214","1","1","7fd8a1e3-ae3e-4f4b-aff3-aef7526874bf","2024-08-26T17:25:19.214","1","1","KARNATAKA"
true,"NMP","2024-08-26T17:25:19.215","1","1","cb5fdc5a-a164-43d7-8575-474f86162b6d","2024-08-26T17:25:19.215","1","1","HARYANA"
true,"NMD","2024-08-26T17:25:19.217","1","1","af58fb29-bf46-4124-9102-804572a27d2d","2024-08-26T17:25:19.217","1","1","HARYANA"
true,"NMS","2024-08-26T17:25:19.218","1","1","51bd736f-2bc0-4ae3-ba1f-6ebf58d034ef","2024-08-26T17:25:19.218","1","1","HARYANA"
true,"PTO","2024-08-26T17:25:19.22","1","1","8eeabc94-a381-4728-8488-bcae99cc383d","2024-08-26T17:25:19.22","1","1","UTTAR PRADESH"
true,"KTH","2024-08-26T17:25:19.221","1","1","bb1a4f0b-c8c0-4909-9c93-b94c9bf4250f","2024-08-26T17:25:19.221","1","1","HARYANA"
true,"MAM","2024-08-26T17:25:19.223","1","1","2cb2b9c6-67d1-4004-af2d-db6a4d955278","2024-08-26T17:25:19.223","1","1","HARYANA"
true,"HGA","2024-08-28T18:25:26.971","1","1","3777dcdf-4e7b-457c-b238-301af6251104","2024-08-28T18:25:26.971","1","1","MAHARASHTRA"
true,"KTT","2024-08-28T18:25:26.98","1","1","e1f4d99e-53dc-4b25-90e9-539bbf13b6d3","2024-08-28T18:25:26.98","1","1","TAMIL NADU"
true,"PEA","2024-08-28T18:25:26.981","1","1","1dd2eaa7-5c0a-4527-8556-78e9199b514a","2024-08-28T18:25:26.981","1","1","GUJARAT"
true,"HHL","2024-08-28T18:25:26.986","1","1","8e9418f2-91c7-4964-a105-7d00bf783c8e","2024-08-28T18:25:26.986","1","1","HARYANA"